--------------------------------------------------------
--  파일이 생성됨 - 화요일-10월-10-2017   
--------------------------------------------------------
--------------------------------------------------------
--  DDL for View EMP_VIEW
--------------------------------------------------------

  CREATE OR REPLACE FORCE VIEW "JYAR"."EMP_VIEW" ("ID", "PASSWORD", "NAME", "POSITION", "PROFILE", "DEPARTMENTID", "DEPARTMENTNAME") AS 
  select emp.ID,emp.password, emp.name, emp.position, emp.profile,emp.DEPARTMENTID, dept.DEPARTMENTNAME
from EMPLOYEE emp, department dept
where emp.departmentid = dept.DEPARTMENTID
;
--------------------------------------------------------
--  DDL for Table ATTENDANCERECORD
--------------------------------------------------------

  CREATE TABLE "JYAR"."ATTENDANCERECORD" 
   (	"AR_NO" NUMBER, 
	"ID" VARCHAR2(20 BYTE), 
	"AR_DATE" NVARCHAR2(10), 
	"STARTTIME" VARCHAR2(10 BYTE), 
	"ENDTIME" VARCHAR2(10 BYTE), 
	"WORKTIME" VARCHAR2(10 BYTE), 
	"IP" VARCHAR2(20 BYTE)
   ) SEGMENT CREATION IMMEDIATE 
  PCTFREE 10 PCTUSED 40 INITRANS 1 MAXTRANS 255 NOCOMPRESS LOGGING
  STORAGE(INITIAL 65536 NEXT 1048576 MINEXTENTS 1 MAXEXTENTS 2147483645
  PCTINCREASE 0 FREELISTS 1 FREELIST GROUPS 1 BUFFER_POOL DEFAULT FLASH_CACHE DEFAULT CELL_FLASH_CACHE DEFAULT)
  TABLESPACE "SYSTEM" ;

   COMMENT ON COLUMN "JYAR"."ATTENDANCERECORD"."AR_NO" IS '근태고유번호';
   COMMENT ON COLUMN "JYAR"."ATTENDANCERECORD"."ID" IS '아이디';
   COMMENT ON COLUMN "JYAR"."ATTENDANCERECORD"."AR_DATE" IS '날짜';
   COMMENT ON COLUMN "JYAR"."ATTENDANCERECORD"."STARTTIME" IS '출근시간';
   COMMENT ON COLUMN "JYAR"."ATTENDANCERECORD"."ENDTIME" IS '퇴근시간';
   COMMENT ON COLUMN "JYAR"."ATTENDANCERECORD"."WORKTIME" IS '근무시간';
   COMMENT ON COLUMN "JYAR"."ATTENDANCERECORD"."IP" IS '접속아이피';
   COMMENT ON TABLE "JYAR"."ATTENDANCERECORD"  IS '근태';
--------------------------------------------------------
--  DDL for Table CALENDAR
--------------------------------------------------------

  CREATE TABLE "JYAR"."CALENDAR" 
   (	"CALENDAR_NO" NUMBER, 
	"ID" VARCHAR2(20 BYTE), 
	"TITLE" VARCHAR2(60 BYTE), 
	"CONTENT" CLOB, 
	"LOCATION" VARCHAR2(60 BYTE) DEFAULT NULL, 
	"STARTDATE" VARCHAR2(20 BYTE), 
	"ENDDATE" VARCHAR2(20 BYTE), 
	"CATEGORY" VARCHAR2(20 BYTE), 
	"COLOR" VARCHAR2(20 BYTE), 
	"TARGET" NVARCHAR2(500)
   ) SEGMENT CREATION IMMEDIATE 
  PCTFREE 10 PCTUSED 40 INITRANS 1 MAXTRANS 255 NOCOMPRESS LOGGING
  STORAGE(INITIAL 65536 NEXT 1048576 MINEXTENTS 1 MAXEXTENTS 2147483645
  PCTINCREASE 0 FREELISTS 1 FREELIST GROUPS 1 BUFFER_POOL DEFAULT FLASH_CACHE DEFAULT CELL_FLASH_CACHE DEFAULT)
  TABLESPACE "SYSTEM" 
 LOB ("CONTENT") STORE AS BASICFILE (
  TABLESPACE "SYSTEM" ENABLE STORAGE IN ROW CHUNK 8192 RETENTION 
  NOCACHE LOGGING 
  STORAGE(INITIAL 65536 NEXT 1048576 MINEXTENTS 1 MAXEXTENTS 2147483645
  PCTINCREASE 0 FREELISTS 1 FREELIST GROUPS 1 BUFFER_POOL DEFAULT FLASH_CACHE DEFAULT CELL_FLASH_CACHE DEFAULT)) ;

   COMMENT ON COLUMN "JYAR"."CALENDAR"."CALENDAR_NO" IS '일정번호';
   COMMENT ON COLUMN "JYAR"."CALENDAR"."ID" IS '작성자';
   COMMENT ON COLUMN "JYAR"."CALENDAR"."TITLE" IS '제목';
   COMMENT ON COLUMN "JYAR"."CALENDAR"."CONTENT" IS '상세내용';
   COMMENT ON COLUMN "JYAR"."CALENDAR"."LOCATION" IS '위치';
   COMMENT ON COLUMN "JYAR"."CALENDAR"."STARTDATE" IS '시작일';
   COMMENT ON COLUMN "JYAR"."CALENDAR"."ENDDATE" IS '종료일';
   COMMENT ON COLUMN "JYAR"."CALENDAR"."TARGET" IS '캘린더 공유';
   COMMENT ON TABLE "JYAR"."CALENDAR"  IS '캘린더';
--------------------------------------------------------
--  DDL for Table COMMUNITY
--------------------------------------------------------

  CREATE TABLE "JYAR"."COMMUNITY" 
   (	"COMMUNITY_NO" NUMBER, 
	"TITLE" VARCHAR2(90 BYTE), 
	"CONTENT" CLOB, 
	"WRITER" VARCHAR2(20 BYTE), 
	"WRITEDATE" DATE, 
	"GROUPID" NUMBER
   ) SEGMENT CREATION IMMEDIATE 
  PCTFREE 10 PCTUSED 40 INITRANS 1 MAXTRANS 255 NOCOMPRESS LOGGING
  STORAGE(INITIAL 65536 NEXT 1048576 MINEXTENTS 1 MAXEXTENTS 2147483645
  PCTINCREASE 0 FREELISTS 1 FREELIST GROUPS 1 BUFFER_POOL DEFAULT FLASH_CACHE DEFAULT CELL_FLASH_CACHE DEFAULT)
  TABLESPACE "SYSTEM" 
 LOB ("CONTENT") STORE AS BASICFILE (
  TABLESPACE "SYSTEM" ENABLE STORAGE IN ROW CHUNK 8192 RETENTION 
  NOCACHE LOGGING 
  STORAGE(INITIAL 65536 NEXT 1048576 MINEXTENTS 1 MAXEXTENTS 2147483645
  PCTINCREASE 0 FREELISTS 1 FREELIST GROUPS 1 BUFFER_POOL DEFAULT FLASH_CACHE DEFAULT CELL_FLASH_CACHE DEFAULT)) ;

   COMMENT ON COLUMN "JYAR"."COMMUNITY"."COMMUNITY_NO" IS '글번호';
   COMMENT ON COLUMN "JYAR"."COMMUNITY"."TITLE" IS '제목';
   COMMENT ON COLUMN "JYAR"."COMMUNITY"."CONTENT" IS '내용';
   COMMENT ON COLUMN "JYAR"."COMMUNITY"."WRITER" IS '작성자';
   COMMENT ON COLUMN "JYAR"."COMMUNITY"."WRITEDATE" IS '작성일';
   COMMENT ON COLUMN "JYAR"."COMMUNITY"."GROUPID" IS '분류';
   COMMENT ON TABLE "JYAR"."COMMUNITY"  IS '커뮤니티';
--------------------------------------------------------
--  DDL for Table COMMUNITYGROUP
--------------------------------------------------------

  CREATE TABLE "JYAR"."COMMUNITYGROUP" 
   (	"GROUPID" NUMBER, 
	"GROUPNAME" VARCHAR2(30 BYTE), 
	"STARTDATE" DATE
   ) SEGMENT CREATION IMMEDIATE 
  PCTFREE 10 PCTUSED 40 INITRANS 1 MAXTRANS 255 NOCOMPRESS LOGGING
  STORAGE(INITIAL 65536 NEXT 1048576 MINEXTENTS 1 MAXEXTENTS 2147483645
  PCTINCREASE 0 FREELISTS 1 FREELIST GROUPS 1 BUFFER_POOL DEFAULT FLASH_CACHE DEFAULT CELL_FLASH_CACHE DEFAULT)
  TABLESPACE "SYSTEM" ;

   COMMENT ON COLUMN "JYAR"."COMMUNITYGROUP"."GROUPID" IS '그룹아이디';
   COMMENT ON COLUMN "JYAR"."COMMUNITYGROUP"."GROUPNAME" IS '그룹이름';
   COMMENT ON COLUMN "JYAR"."COMMUNITYGROUP"."STARTDATE" IS '생성일';
   COMMENT ON TABLE "JYAR"."COMMUNITYGROUP"  IS '커뮤니티그룹정보';
--------------------------------------------------------
--  DDL for Table COMMUNITYGROUPMEMBER
--------------------------------------------------------

  CREATE TABLE "JYAR"."COMMUNITYGROUPMEMBER" 
   (	"GROUPID" NUMBER, 
	"MEMBERID" VARCHAR2(20 BYTE)
   ) SEGMENT CREATION IMMEDIATE 
  PCTFREE 10 PCTUSED 40 INITRANS 1 MAXTRANS 255 NOCOMPRESS LOGGING
  STORAGE(INITIAL 65536 NEXT 1048576 MINEXTENTS 1 MAXEXTENTS 2147483645
  PCTINCREASE 0 FREELISTS 1 FREELIST GROUPS 1 BUFFER_POOL DEFAULT FLASH_CACHE DEFAULT CELL_FLASH_CACHE DEFAULT)
  TABLESPACE "SYSTEM" ;
--------------------------------------------------------
--  DDL for Table CONTACTLIST
--------------------------------------------------------

  CREATE TABLE "JYAR"."CONTACTLIST" 
   (	"CONTACTLIST_NO" NUMBER, 
	"ID" VARCHAR2(20 BYTE), 
	"NAME" VARCHAR2(30 BYTE), 
	"CELLPHONE" VARCHAR2(20 BYTE), 
	"PHONE" VARCHAR2(20 BYTE), 
	"DEPARTMENTID" VARCHAR2(20 BYTE), 
	"COMPANYNAME" VARCHAR2(100 BYTE), 
	"EMAIL" VARCHAR2(100 BYTE), 
	"ETC" VARCHAR2(150 BYTE), 
	"CONTACT_GROUP" NVARCHAR2(30)
   ) SEGMENT CREATION IMMEDIATE 
  PCTFREE 10 PCTUSED 40 INITRANS 1 MAXTRANS 255 NOCOMPRESS LOGGING
  STORAGE(INITIAL 65536 NEXT 1048576 MINEXTENTS 1 MAXEXTENTS 2147483645
  PCTINCREASE 0 FREELISTS 1 FREELIST GROUPS 1 BUFFER_POOL DEFAULT FLASH_CACHE DEFAULT CELL_FLASH_CACHE DEFAULT)
  TABLESPACE "SYSTEM" ;

   COMMENT ON COLUMN "JYAR"."CONTACTLIST"."CONTACTLIST_NO" IS '고유번호';
   COMMENT ON COLUMN "JYAR"."CONTACTLIST"."ID" IS '작성자아이디';
   COMMENT ON COLUMN "JYAR"."CONTACTLIST"."NAME" IS '이름';
   COMMENT ON COLUMN "JYAR"."CONTACTLIST"."CELLPHONE" IS '핸드폰번호';
   COMMENT ON COLUMN "JYAR"."CONTACTLIST"."PHONE" IS '회사전화번호';
   COMMENT ON COLUMN "JYAR"."CONTACTLIST"."DEPARTMENTID" IS '소속부서';
   COMMENT ON COLUMN "JYAR"."CONTACTLIST"."COMPANYNAME" IS '회사';
   COMMENT ON COLUMN "JYAR"."CONTACTLIST"."EMAIL" IS '이메일';
   COMMENT ON COLUMN "JYAR"."CONTACTLIST"."ETC" IS '기타';
   COMMENT ON COLUMN "JYAR"."CONTACTLIST"."CONTACT_GROUP" IS '그룹';
   COMMENT ON TABLE "JYAR"."CONTACTLIST"  IS '주소록';
--------------------------------------------------------
--  DDL for Table DEPARTMENT
--------------------------------------------------------

  CREATE TABLE "JYAR"."DEPARTMENT" 
   (	"DEPARTMENTID" NVARCHAR2(10), 
	"DEPARTMENTNAME" VARCHAR2(20 BYTE), 
	"DEPARTMENTSUPERID" VARCHAR2(20 BYTE)
   ) SEGMENT CREATION IMMEDIATE 
  PCTFREE 10 PCTUSED 40 INITRANS 1 MAXTRANS 255 NOCOMPRESS LOGGING
  STORAGE(INITIAL 65536 NEXT 1048576 MINEXTENTS 1 MAXEXTENTS 2147483645
  PCTINCREASE 0 FREELISTS 1 FREELIST GROUPS 1 BUFFER_POOL DEFAULT FLASH_CACHE DEFAULT CELL_FLASH_CACHE DEFAULT)
  TABLESPACE "SYSTEM" ;

   COMMENT ON COLUMN "JYAR"."DEPARTMENT"."DEPARTMENTID" IS '부서아이디';
   COMMENT ON COLUMN "JYAR"."DEPARTMENT"."DEPARTMENTNAME" IS '부서이름';
   COMMENT ON COLUMN "JYAR"."DEPARTMENT"."DEPARTMENTSUPERID" IS '부서책임자';
   COMMENT ON TABLE "JYAR"."DEPARTMENT"  IS '부서정보';
--------------------------------------------------------
--  DDL for Table DUPLICATIONCHECK
--------------------------------------------------------

  CREATE TABLE "JYAR"."DUPLICATIONCHECK" 
   (	"POLL_NO" NUMBER, 
	"EMPLOYEE_ID" VARCHAR2(20 BYTE), 
	"POLL_CHECK" CHAR(1 BYTE)
   ) SEGMENT CREATION IMMEDIATE 
  PCTFREE 10 PCTUSED 40 INITRANS 1 MAXTRANS 255 NOCOMPRESS LOGGING
  STORAGE(INITIAL 65536 NEXT 1048576 MINEXTENTS 1 MAXEXTENTS 2147483645
  PCTINCREASE 0 FREELISTS 1 FREELIST GROUPS 1 BUFFER_POOL DEFAULT FLASH_CACHE DEFAULT CELL_FLASH_CACHE DEFAULT)
  TABLESPACE "SYSTEM" ;

   COMMENT ON COLUMN "JYAR"."DUPLICATIONCHECK"."POLL_NO" IS '투표글번호';
   COMMENT ON COLUMN "JYAR"."DUPLICATIONCHECK"."EMPLOYEE_ID" IS '아이디';
   COMMENT ON COLUMN "JYAR"."DUPLICATIONCHECK"."POLL_CHECK" IS '투표확인';
   COMMENT ON TABLE "JYAR"."DUPLICATIONCHECK"  IS '중복투표체크';
--------------------------------------------------------
--  DDL for Table EMPLOYEE
--------------------------------------------------------

  CREATE TABLE "JYAR"."EMPLOYEE" 
   (	"ID" VARCHAR2(20 BYTE), 
	"PASSWORD" VARCHAR2(20 BYTE), 
	"NAME" VARCHAR2(30 BYTE), 
	"EMAIL" VARCHAR2(100 BYTE), 
	"ADDRESS" VARCHAR2(150 BYTE), 
	"DEPARTMENTID" NVARCHAR2(10), 
	"POSITION" VARCHAR2(30 BYTE), 
	"CELLPHONE" VARCHAR2(20 BYTE), 
	"PHONE" VARCHAR2(20 BYTE), 
	"BIRTH" NUMBER, 
	"PROFILE" CLOB, 
	"HIRED_DATE" DATE
   ) SEGMENT CREATION IMMEDIATE 
  PCTFREE 10 PCTUSED 40 INITRANS 1 MAXTRANS 255 NOCOMPRESS LOGGING
  STORAGE(INITIAL 65536 NEXT 1048576 MINEXTENTS 1 MAXEXTENTS 2147483645
  PCTINCREASE 0 FREELISTS 1 FREELIST GROUPS 1 BUFFER_POOL DEFAULT FLASH_CACHE DEFAULT CELL_FLASH_CACHE DEFAULT)
  TABLESPACE "SYSTEM" 
 LOB ("PROFILE") STORE AS BASICFILE (
  TABLESPACE "SYSTEM" ENABLE STORAGE IN ROW CHUNK 8192 RETENTION 
  NOCACHE LOGGING 
  STORAGE(INITIAL 65536 NEXT 1048576 MINEXTENTS 1 MAXEXTENTS 2147483645
  PCTINCREASE 0 FREELISTS 1 FREELIST GROUPS 1 BUFFER_POOL DEFAULT FLASH_CACHE DEFAULT CELL_FLASH_CACHE DEFAULT)) ;

   COMMENT ON COLUMN "JYAR"."EMPLOYEE"."ID" IS '아이디';
   COMMENT ON COLUMN "JYAR"."EMPLOYEE"."PASSWORD" IS '비밀번호';
   COMMENT ON COLUMN "JYAR"."EMPLOYEE"."NAME" IS '이름';
   COMMENT ON COLUMN "JYAR"."EMPLOYEE"."EMAIL" IS 'E-Mail';
   COMMENT ON COLUMN "JYAR"."EMPLOYEE"."ADDRESS" IS '주소';
   COMMENT ON COLUMN "JYAR"."EMPLOYEE"."DEPARTMENTID" IS '부서';
   COMMENT ON COLUMN "JYAR"."EMPLOYEE"."POSITION" IS '직위';
   COMMENT ON COLUMN "JYAR"."EMPLOYEE"."CELLPHONE" IS '휴대폰번호';
   COMMENT ON COLUMN "JYAR"."EMPLOYEE"."PHONE" IS '내선번호';
   COMMENT ON COLUMN "JYAR"."EMPLOYEE"."BIRTH" IS '생년월일';
   COMMENT ON COLUMN "JYAR"."EMPLOYEE"."PROFILE" IS '프로필사진';
   COMMENT ON COLUMN "JYAR"."EMPLOYEE"."HIRED_DATE" IS '입사일';
   COMMENT ON TABLE "JYAR"."EMPLOYEE"  IS '회원정보';
--------------------------------------------------------
--  DDL for Table MESSAGE
--------------------------------------------------------

  CREATE TABLE "JYAR"."MESSAGE" 
   (	"MESSAGE_NO" NUMBER, 
	"SENDERID" VARCHAR2(20 BYTE), 
	"RECEIVEID" VARCHAR2(20 BYTE), 
	"CONTENT" VARCHAR2(450 BYTE), 
	"MSGDATE" DATE
   ) SEGMENT CREATION IMMEDIATE 
  PCTFREE 10 PCTUSED 40 INITRANS 1 MAXTRANS 255 NOCOMPRESS LOGGING
  STORAGE(INITIAL 65536 NEXT 1048576 MINEXTENTS 1 MAXEXTENTS 2147483645
  PCTINCREASE 0 FREELISTS 1 FREELIST GROUPS 1 BUFFER_POOL DEFAULT FLASH_CACHE DEFAULT CELL_FLASH_CACHE DEFAULT)
  TABLESPACE "SYSTEM" ;

   COMMENT ON COLUMN "JYAR"."MESSAGE"."MESSAGE_NO" IS '메세지번호';
   COMMENT ON COLUMN "JYAR"."MESSAGE"."SENDERID" IS '보낸사람';
   COMMENT ON COLUMN "JYAR"."MESSAGE"."RECEIVEID" IS '받는사람';
   COMMENT ON COLUMN "JYAR"."MESSAGE"."CONTENT" IS '내용';
   COMMENT ON COLUMN "JYAR"."MESSAGE"."MSGDATE" IS '날짜';
   COMMENT ON TABLE "JYAR"."MESSAGE"  IS '쪽지';
--------------------------------------------------------
--  DDL for Table NOTICE
--------------------------------------------------------

  CREATE TABLE "JYAR"."NOTICE" 
   (	"NOTICE_NO" NUMBER, 
	"TITLE" VARCHAR2(90 BYTE), 
	"WRITER" VARCHAR2(20 BYTE), 
	"CONTENT" CLOB, 
	"WRITEDATE" DATE, 
	"IMPORTANCELEVEL" NUMBER
   ) SEGMENT CREATION IMMEDIATE 
  PCTFREE 10 PCTUSED 40 INITRANS 1 MAXTRANS 255 NOCOMPRESS LOGGING
  STORAGE(INITIAL 65536 NEXT 1048576 MINEXTENTS 1 MAXEXTENTS 2147483645
  PCTINCREASE 0 FREELISTS 1 FREELIST GROUPS 1 BUFFER_POOL DEFAULT FLASH_CACHE DEFAULT CELL_FLASH_CACHE DEFAULT)
  TABLESPACE "SYSTEM" 
 LOB ("CONTENT") STORE AS BASICFILE (
  TABLESPACE "SYSTEM" ENABLE STORAGE IN ROW CHUNK 8192 RETENTION 
  NOCACHE LOGGING 
  STORAGE(INITIAL 65536 NEXT 1048576 MINEXTENTS 1 MAXEXTENTS 2147483645
  PCTINCREASE 0 FREELISTS 1 FREELIST GROUPS 1 BUFFER_POOL DEFAULT FLASH_CACHE DEFAULT CELL_FLASH_CACHE DEFAULT)) ;

   COMMENT ON COLUMN "JYAR"."NOTICE"."NOTICE_NO" IS '글번호';
   COMMENT ON COLUMN "JYAR"."NOTICE"."TITLE" IS '제목';
   COMMENT ON COLUMN "JYAR"."NOTICE"."WRITER" IS '작성자아이디';
   COMMENT ON COLUMN "JYAR"."NOTICE"."CONTENT" IS '내용';
   COMMENT ON COLUMN "JYAR"."NOTICE"."WRITEDATE" IS '작성일';
   COMMENT ON COLUMN "JYAR"."NOTICE"."IMPORTANCELEVEL" IS '중요도';
   COMMENT ON TABLE "JYAR"."NOTICE"  IS '공지사항';
--------------------------------------------------------
--  DDL for Table POLL
--------------------------------------------------------

  CREATE TABLE "JYAR"."POLL" 
   (	"POLL_NO" NUMBER, 
	"ID" VARCHAR2(20 BYTE), 
	"TITLE" VARCHAR2(90 BYTE), 
	"CONTENT" CLOB, 
	"WRITEDATE" DATE, 
	"STARTDATE" DATE, 
	"ENDDATE" DATE
   ) SEGMENT CREATION IMMEDIATE 
  PCTFREE 10 PCTUSED 40 INITRANS 1 MAXTRANS 255 NOCOMPRESS LOGGING
  STORAGE(INITIAL 65536 NEXT 1048576 MINEXTENTS 1 MAXEXTENTS 2147483645
  PCTINCREASE 0 FREELISTS 1 FREELIST GROUPS 1 BUFFER_POOL DEFAULT FLASH_CACHE DEFAULT CELL_FLASH_CACHE DEFAULT)
  TABLESPACE "SYSTEM" 
 LOB ("CONTENT") STORE AS BASICFILE (
  TABLESPACE "SYSTEM" ENABLE STORAGE IN ROW CHUNK 8192 RETENTION 
  NOCACHE LOGGING 
  STORAGE(INITIAL 65536 NEXT 1048576 MINEXTENTS 1 MAXEXTENTS 2147483645
  PCTINCREASE 0 FREELISTS 1 FREELIST GROUPS 1 BUFFER_POOL DEFAULT FLASH_CACHE DEFAULT CELL_FLASH_CACHE DEFAULT)) ;

   COMMENT ON COLUMN "JYAR"."POLL"."POLL_NO" IS '글번호';
   COMMENT ON COLUMN "JYAR"."POLL"."ID" IS '작성자ID';
   COMMENT ON COLUMN "JYAR"."POLL"."TITLE" IS '글제목';
   COMMENT ON COLUMN "JYAR"."POLL"."CONTENT" IS '내용';
   COMMENT ON COLUMN "JYAR"."POLL"."WRITEDATE" IS '작성일';
   COMMENT ON COLUMN "JYAR"."POLL"."STARTDATE" IS '투표 시작일';
   COMMENT ON COLUMN "JYAR"."POLL"."ENDDATE" IS '투표 종료일';
   COMMENT ON TABLE "JYAR"."POLL"  IS '투표게시판';
--------------------------------------------------------
--  DDL for Table REPLY
--------------------------------------------------------

  CREATE TABLE "JYAR"."REPLY" 
   (	"REPLY_NO" NUMBER, 
	"ID" VARCHAR2(20 BYTE), 
	"BOARD_CATEGORY" NUMBER, 
	"BOARD_NO" NUMBER, 
	"REPLY_DATE" DATE, 
	"CONTENT" VARCHAR2(450 BYTE)
   ) SEGMENT CREATION IMMEDIATE 
  PCTFREE 10 PCTUSED 40 INITRANS 1 MAXTRANS 255 NOCOMPRESS LOGGING
  STORAGE(INITIAL 65536 NEXT 1048576 MINEXTENTS 1 MAXEXTENTS 2147483645
  PCTINCREASE 0 FREELISTS 1 FREELIST GROUPS 1 BUFFER_POOL DEFAULT FLASH_CACHE DEFAULT CELL_FLASH_CACHE DEFAULT)
  TABLESPACE "SYSTEM" ;

   COMMENT ON COLUMN "JYAR"."REPLY"."REPLY_NO" IS '댓글번호';
   COMMENT ON COLUMN "JYAR"."REPLY"."ID" IS '작성자';
   COMMENT ON COLUMN "JYAR"."REPLY"."BOARD_CATEGORY" IS '테이블카테고리';
   COMMENT ON COLUMN "JYAR"."REPLY"."BOARD_NO" IS '글번호';
   COMMENT ON COLUMN "JYAR"."REPLY"."REPLY_DATE" IS '작성일';
   COMMENT ON COLUMN "JYAR"."REPLY"."CONTENT" IS '내용';
   COMMENT ON TABLE "JYAR"."REPLY"  IS '댓글';
--------------------------------------------------------
--  DDL for Sequence AR_SEQ
--------------------------------------------------------

   CREATE SEQUENCE  "JYAR"."AR_SEQ"  MINVALUE 1 MAXVALUE 9999999999 INCREMENT BY 1 START WITH 181 CACHE 20 NOORDER  NOCYCLE ;
--------------------------------------------------------
--  DDL for Sequence CALENDAR_SEQ
--------------------------------------------------------

   CREATE SEQUENCE  "JYAR"."CALENDAR_SEQ"  MINVALUE 1 MAXVALUE 9999999999 INCREMENT BY 1 START WITH 81 CACHE 20 NOORDER  NOCYCLE ;
--------------------------------------------------------
--  DDL for Sequence CGROUP_SEQ
--------------------------------------------------------

   CREATE SEQUENCE  "JYAR"."CGROUP_SEQ"  MINVALUE 1 MAXVALUE 9999999999 INCREMENT BY 1 START WITH 21 CACHE 20 NOORDER  NOCYCLE ;
--------------------------------------------------------
--  DDL for Sequence COMMUNITY_SEQ
--------------------------------------------------------

   CREATE SEQUENCE  "JYAR"."COMMUNITY_SEQ"  MINVALUE 1 MAXVALUE 9999999999 INCREMENT BY 1 START WITH 21 CACHE 20 NOORDER  NOCYCLE ;
--------------------------------------------------------
--  DDL for Sequence CONTACTLIST_SEQ
--------------------------------------------------------

   CREATE SEQUENCE  "JYAR"."CONTACTLIST_SEQ"  MINVALUE 1 MAXVALUE 9999999999 INCREMENT BY 1 START WITH 21 CACHE 20 NOORDER  NOCYCLE ;
--------------------------------------------------------
--  DDL for Sequence MESSAGE_SEQ
--------------------------------------------------------

   CREATE SEQUENCE  "JYAR"."MESSAGE_SEQ"  MINVALUE 1 MAXVALUE 9999999999 INCREMENT BY 1 START WITH 1 CACHE 20 NOORDER  NOCYCLE ;
--------------------------------------------------------
--  DDL for Sequence NOTICE_SEQ
--------------------------------------------------------

   CREATE SEQUENCE  "JYAR"."NOTICE_SEQ"  MINVALUE 1 MAXVALUE 9999999999 INCREMENT BY 1 START WITH 101 CACHE 20 NOORDER  NOCYCLE ;
--------------------------------------------------------
--  DDL for Sequence POLL_SEQ
--------------------------------------------------------

   CREATE SEQUENCE  "JYAR"."POLL_SEQ"  MINVALUE 1 MAXVALUE 9999999999 INCREMENT BY 1 START WITH 1 CACHE 20 NOORDER  NOCYCLE ;
--------------------------------------------------------
--  DDL for Sequence REPLY_SEQ
--------------------------------------------------------

   CREATE SEQUENCE  "JYAR"."REPLY_SEQ"  MINVALUE 1 MAXVALUE 9999999999 INCREMENT BY 1 START WITH 1 CACHE 20 NOORDER  NOCYCLE ;
REM INSERTING into JYAR.ATTENDANCERECORD
SET DEFINE OFF;
Insert into JYAR.ATTENDANCERECORD (AR_NO,ID,AR_DATE,STARTTIME,ENDTIME,WORKTIME,IP) values (9,'JHLee_0519','17/08/10','08:50:00','19:00:00',null,'0');
Insert into JYAR.ATTENDANCERECORD (AR_NO,ID,AR_DATE,STARTTIME,ENDTIME,WORKTIME,IP) values (10,'JHLee_0519','17/08/11','08:50:00','19:00:00',null,'0');
Insert into JYAR.ATTENDANCERECORD (AR_NO,ID,AR_DATE,STARTTIME,ENDTIME,WORKTIME,IP) values (11,'JHLee_0519','17/08/15','08:50:00','19:00:00',null,'0');
Insert into JYAR.ATTENDANCERECORD (AR_NO,ID,AR_DATE,STARTTIME,ENDTIME,WORKTIME,IP) values (12,'JHLee_0519','17/08/26','08:50:00','19:00:00',null,'0');
Insert into JYAR.ATTENDANCERECORD (AR_NO,ID,AR_DATE,STARTTIME,ENDTIME,WORKTIME,IP) values (7,'JHLee_0519','17/09/20','15:51:22','20:45:05','4:53:43','0:0:0:0:0:0:0:1');
Insert into JYAR.ATTENDANCERECORD (AR_NO,ID,AR_DATE,STARTTIME,ENDTIME,WORKTIME,IP) values (8,'test','17/09/20','16:00:17','00:00:00',null,'0:0:0:0:0:0:0:1');
Insert into JYAR.ATTENDANCERECORD (AR_NO,ID,AR_DATE,STARTTIME,ENDTIME,WORKTIME,IP) values (13,'JHLee_0519','17/09/10','08:50:00','19:00:00',null,'0');
Insert into JYAR.ATTENDANCERECORD (AR_NO,ID,AR_DATE,STARTTIME,ENDTIME,WORKTIME,IP) values (14,'JHLee_0519','17/09/12','08:50:00','19:00:00',null,'0');
Insert into JYAR.ATTENDANCERECORD (AR_NO,ID,AR_DATE,STARTTIME,ENDTIME,WORKTIME,IP) values (15,'testtttt','17/09/20','20:45:12','20:45:40','0:0:28','0:0:0:0:0:0:0:1');
Insert into JYAR.ATTENDANCERECORD (AR_NO,ID,AR_DATE,STARTTIME,ENDTIME,WORKTIME,IP) values (21,'JHLee_0519','17/09/21','10:24:48','18:58:15','8:33:27','0:0:0:0:0:0:0:1');
Insert into JYAR.ATTENDANCERECORD (AR_NO,ID,AR_DATE,STARTTIME,ENDTIME,WORKTIME,IP) values (22,'SSOh_0919','17/09/21','16:05:31','19:05:31','3:0:0','0:0:0:0:0:0:0:1');
Insert into JYAR.ATTENDANCERECORD (AR_NO,ID,AR_DATE,STARTTIME,ENDTIME,WORKTIME,IP) values (23,'DMKIM_0416','17/09/21','16:35:40','19:08:14','2:32:34','0:0:0:0:0:0:0:1');
Insert into JYAR.ATTENDANCERECORD (AR_NO,ID,AR_DATE,STARTTIME,ENDTIME,WORKTIME,IP) values (24,'test','17/09/21','19:08:23','19:08:21','0:0:-2','0:0:0:0:0:0:0:1');
Insert into JYAR.ATTENDANCERECORD (AR_NO,ID,AR_DATE,STARTTIME,ENDTIME,WORKTIME,IP) values (41,'JHLee_0519','17/09/22','11:28:54','14:35:33','3:6:39','0:0:0:0:0:0:0:1');
Insert into JYAR.ATTENDANCERECORD (AR_NO,ID,AR_DATE,STARTTIME,ENDTIME,WORKTIME,IP) values (61,'JHLee_0519','17/09/25','13:34:52','19:33:51','5:58:59','0:0:0:0:0:0:0:1');
Insert into JYAR.ATTENDANCERECORD (AR_NO,ID,AR_DATE,STARTTIME,ENDTIME,WORKTIME,IP) values (62,'SSOh_0919','17/09/25','19:33:55','19:41:19','0:7:24','0:0:0:0:0:0:0:1');
Insert into JYAR.ATTENDANCERECORD (AR_NO,ID,AR_DATE,STARTTIME,ENDTIME,WORKTIME,IP) values (63,'test_01','17/09/25','19:41:23','19:41:27','0:0:4','0:0:0:0:0:0:0:1');
Insert into JYAR.ATTENDANCERECORD (AR_NO,ID,AR_DATE,STARTTIME,ENDTIME,WORKTIME,IP) values (81,'JHLee_0519','17/09/26','09:43:36','16:48:56','7:5:20','0:0:0:0:0:0:0:1');
Insert into JYAR.ATTENDANCERECORD (AR_NO,ID,AR_DATE,STARTTIME,ENDTIME,WORKTIME,IP) values (82,'SSOh_0919','17/09/26','10:46:02','14:46:07','4:0:5','0:0:0:0:0:0:0:1');
Insert into JYAR.ATTENDANCERECORD (AR_NO,ID,AR_DATE,STARTTIME,ENDTIME,WORKTIME,IP) values (83,'DMKIM_0416','17/09/26','14:46:10','00:00:00',null,'0:0:0:0:0:0:0:1');
Insert into JYAR.ATTENDANCERECORD (AR_NO,ID,AR_DATE,STARTTIME,ENDTIME,WORKTIME,IP) values (101,'JHLee_0519','17/09/27','09:25:01','16:48:44','7:23:43','0:0:0:0:0:0:0:1');
Insert into JYAR.ATTENDANCERECORD (AR_NO,ID,AR_DATE,STARTTIME,ENDTIME,WORKTIME,IP) values (102,'test_01','17/09/27','12:12:24','12:12:31','0:0:7','0:0:0:0:0:0:0:1');
Insert into JYAR.ATTENDANCERECORD (AR_NO,ID,AR_DATE,STARTTIME,ENDTIME,WORKTIME,IP) values (103,'testtttt','17/09/27','12:12:51','12:12:52','0:0:1','0:0:0:0:0:0:0:1');
Insert into JYAR.ATTENDANCERECORD (AR_NO,ID,AR_DATE,STARTTIME,ENDTIME,WORKTIME,IP) values (104,'test','17/09/27','12:13:08','00:00:00',null,'0:0:0:0:0:0:0:1');
Insert into JYAR.ATTENDANCERECORD (AR_NO,ID,AR_DATE,STARTTIME,ENDTIME,WORKTIME,IP) values (105,'qwerty','17/09/27','16:48:49','16:49:24','0:0:35','0:0:0:0:0:0:0:1');
Insert into JYAR.ATTENDANCERECORD (AR_NO,ID,AR_DATE,STARTTIME,ENDTIME,WORKTIME,IP) values (121,'JHLee_0519','17/09/28','09:18:04','20:24:47','11:6:43','0:0:0:0:0:0:0:1');
Insert into JYAR.ATTENDANCERECORD (AR_NO,ID,AR_DATE,STARTTIME,ENDTIME,WORKTIME,IP) values (122,'test','17/09/28','14:40:12','20:21:41','5:41:29','0:0:0:0:0:0:0:1');
Insert into JYAR.ATTENDANCERECORD (AR_NO,ID,AR_DATE,STARTTIME,ENDTIME,WORKTIME,IP) values (123,'SSOh_0919','17/09/28','20:01:55','20:01:54','0:0:-1','0:0:0:0:0:0:0:1');
Insert into JYAR.ATTENDANCERECORD (AR_NO,ID,AR_DATE,STARTTIME,ENDTIME,WORKTIME,IP) values (124,'DMKIM_0416','17/09/28','20:22:42','00:00:00',null,'0:0:0:0:0:0:0:1');
Insert into JYAR.ATTENDANCERECORD (AR_NO,ID,AR_DATE,STARTTIME,ENDTIME,WORKTIME,IP) values (141,'JHLee_0519','17/09/29','09:50:59','17:39:14','7:48:15','0:0:0:0:0:0:0:1');
Insert into JYAR.ATTENDANCERECORD (AR_NO,ID,AR_DATE,STARTTIME,ENDTIME,WORKTIME,IP) values (142,'SSOh_0919','17/09/29','10:09:35','14:38:25','4:28:50','0:0:0:0:0:0:0:1');
Insert into JYAR.ATTENDANCERECORD (AR_NO,ID,AR_DATE,STARTTIME,ENDTIME,WORKTIME,IP) values (161,'JHLee_0519','17/10/10','09:12:52','15:54:51','6:41:59','0:0:0:0:0:0:0:1');
Insert into JYAR.ATTENDANCERECORD (AR_NO,ID,AR_DATE,STARTTIME,ENDTIME,WORKTIME,IP) values (162,'test','17/10/10','09:56:35','14:25:32','4:28:57','0:0:0:0:0:0:0:1');
Insert into JYAR.ATTENDANCERECORD (AR_NO,ID,AR_DATE,STARTTIME,ENDTIME,WORKTIME,IP) values (163,'1010','17/10/10','12:09:54','12:12:45','0:2:51','0:0:0:0:0:0:0:1');
Insert into JYAR.ATTENDANCERECORD (AR_NO,ID,AR_DATE,STARTTIME,ENDTIME,WORKTIME,IP) values (164,'SSOh_0919','17/10/10','14:25:37','15:41:23','1:15:46','0:0:0:0:0:0:0:1');
Insert into JYAR.ATTENDANCERECORD (AR_NO,ID,AR_DATE,STARTTIME,ENDTIME,WORKTIME,IP) values (165,'DMKIM_0416','17/10/10','15:54:58','15:56:31','0:1:33','10.10.10.80');
REM INSERTING into JYAR.CALENDAR
SET DEFINE OFF;
Insert into JYAR.CALENDAR (CALENDAR_NO,ID,TITLE,LOCATION,STARTDATE,ENDDATE,CATEGORY,COLOR,TARGET) values (10,'JHLee_0519','일정1-1',null,'2017-09-13','2017-09-15','My','#27AE60',null);
Insert into JYAR.CALENDAR (CALENDAR_NO,ID,TITLE,LOCATION,STARTDATE,ENDDATE,CATEGORY,COLOR,TARGET) values (11,'JHLee_0519','tt',null,'2017-08-10','2017-08-12','My','#27AE60',null);
Insert into JYAR.CALENDAR (CALENDAR_NO,ID,TITLE,LOCATION,STARTDATE,ENDDATE,CATEGORY,COLOR,TARGET) values (21,'JHLee_0519','ttt',null,'2017-09-18','2017-09-18','My','#8E44AD','test');
Insert into JYAR.CALENDAR (CALENDAR_NO,ID,TITLE,LOCATION,STARTDATE,ENDDATE,CATEGORY,COLOR,TARGET) values (22,'JHLee_0519','gg1',null,'2017-08-04','2017-08-05','My','RGB(142, 68, 173)','DMKIM_0416');
Insert into JYAR.CALENDAR (CALENDAR_NO,ID,TITLE,LOCATION,STARTDATE,ENDDATE,CATEGORY,COLOR,TARGET) values (61,'JHLee_0519','test',null,'2017-10-04','2017-10-06','My','RGB(52, 152, 219)',null);
Insert into JYAR.CALENDAR (CALENDAR_NO,ID,TITLE,LOCATION,STARTDATE,ENDDATE,CATEGORY,COLOR,TARGET) values (9,'JHLee_0519','tt',null,'2017-08-30','2017-09-02','My','#F1C40F',null);
Insert into JYAR.CALENDAR (CALENDAR_NO,ID,TITLE,LOCATION,STARTDATE,ENDDATE,CATEGORY,COLOR,TARGET) values (23,'JHLee_0519','회색일정',null,'2017-10-13','2017-10-14','My','#3498DB','DMKIM_0416');
Insert into JYAR.CALENDAR (CALENDAR_NO,ID,TITLE,LOCATION,STARTDATE,ENDDATE,CATEGORY,COLOR,TARGET) values (41,'JHLee_0519','추석',null,'2017-10-03','2017-10-06','My','#34495E',null);
Insert into JYAR.CALENDAR (CALENDAR_NO,ID,TITLE,LOCATION,STARTDATE,ENDDATE,CATEGORY,COLOR,TARGET) values (42,'JHLee_0519','내 일정',null,'2017-11-06',null,'My','#27AE60','test');
REM INSERTING into JYAR.COMMUNITY
SET DEFINE OFF;
Insert into JYAR.COMMUNITY (COMMUNITY_NO,TITLE,WRITER,WRITEDATE,GROUPID) values (1,'테스트입니다.','SSOh_0919',to_date('17/09/29','RR/MM/DD'),1);
Insert into JYAR.COMMUNITY (COMMUNITY_NO,TITLE,WRITER,WRITEDATE,GROUPID) values (2,'테스트입니다!!!.','JHLee_0519',to_date('17/09/29','RR/MM/DD'),2);
REM INSERTING into JYAR.COMMUNITYGROUP
SET DEFINE OFF;
Insert into JYAR.COMMUNITYGROUP (GROUPID,GROUPNAME,STARTDATE) values (1,'teamLeaders',to_date('17/09/29','RR/MM/DD'));
Insert into JYAR.COMMUNITYGROUP (GROUPID,GROUPNAME,STARTDATE) values (2,'인사관리팀',to_date('17/09/29','RR/MM/DD'));
REM INSERTING into JYAR.COMMUNITYGROUPMEMBER
SET DEFINE OFF;
Insert into JYAR.COMMUNITYGROUPMEMBER (GROUPID,MEMBERID) values (1,'JHLee_0519');
Insert into JYAR.COMMUNITYGROUPMEMBER (GROUPID,MEMBERID) values (1,'SSOh_0919');
Insert into JYAR.COMMUNITYGROUPMEMBER (GROUPID,MEMBERID) values (2,'JHLee_0519');
Insert into JYAR.COMMUNITYGROUPMEMBER (GROUPID,MEMBERID) values (2,'test');
REM INSERTING into JYAR.CONTACTLIST
SET DEFINE OFF;
Insert into JYAR.CONTACTLIST (CONTACTLIST_NO,ID,NAME,CELLPHONE,PHONE,DEPARTMENTID,COMPANYNAME,EMAIL,ETC,CONTACT_GROUP) values (1,'JHLee_0519','rwaa','111','11','11','11','11','111','test');
Insert into JYAR.CONTACTLIST (CONTACTLIST_NO,ID,NAME,CELLPHONE,PHONE,DEPARTMENTID,COMPANYNAME,EMAIL,ETC,CONTACT_GROUP) values (4,'JHLee_0519','1','1',null,null,null,null,null,'test');
Insert into JYAR.CONTACTLIST (CONTACTLIST_NO,ID,NAME,CELLPHONE,PHONE,DEPARTMENTID,COMPANYNAME,EMAIL,ETC,CONTACT_GROUP) values (6,'JHLee_0519','11','111',null,null,null,null,null,'111');
Insert into JYAR.CONTACTLIST (CONTACTLIST_NO,ID,NAME,CELLPHONE,PHONE,DEPARTMENTID,COMPANYNAME,EMAIL,ETC,CONTACT_GROUP) values (7,'JHLee_0519','te','tt',null,null,'tt','tt',null,'1234');
REM INSERTING into JYAR.DEPARTMENT
SET DEFINE OFF;
Insert into JYAR.DEPARTMENT (DEPARTMENTID,DEPARTMENTNAME,DEPARTMENTSUPERID) values ('PRMT','인사관리팀','DMKIM_0416');
Insert into JYAR.DEPARTMENT (DEPARTMENTID,DEPARTMENTNAME,DEPARTMENTSUPERID) values ('PDEPT','전략기획팀',null);
Insert into JYAR.DEPARTMENT (DEPARTMENTID,DEPARTMENTNAME,DEPARTMENTSUPERID) values ('R_DT','개발팀','SSOh_0919');
REM INSERTING into JYAR.DUPLICATIONCHECK
SET DEFINE OFF;
REM INSERTING into JYAR.EMPLOYEE
SET DEFINE OFF;
Insert into JYAR.EMPLOYEE (ID,PASSWORD,NAME,EMAIL,ADDRESS,DEPARTMENTID,POSITION,CELLPHONE,PHONE,BIRTH,HIRED_DATE) values ('SSOh_0919','1111','오상식','ohss@aj.com','서울시 종로구 종로 69 YMCA빌딩 7층','R_DT','팀장','010-1231-1111','454-1111',800712,to_date('10/09/19','RR/MM/DD'));
Insert into JYAR.EMPLOYEE (ID,PASSWORD,NAME,EMAIL,ADDRESS,DEPARTMENTID,POSITION,CELLPHONE,PHONE,BIRTH,HIRED_DATE) values ('1010','1010','test','1111@ggg','1111','PDEPT','사원','010-5555-5555','22-5555-5555',890111,to_date('17/10/10','RR/MM/DD'));
Insert into JYAR.EMPLOYEE (ID,PASSWORD,NAME,EMAIL,ADDRESS,DEPARTMENTID,POSITION,CELLPHONE,PHONE,BIRTH,HIRED_DATE) values ('test','1111','test','aaa@naver.com',null,'PRMT','사원','tet','-10736',1111,to_date('15/04/19','RR/MM/DD'));
Insert into JYAR.EMPLOYEE (ID,PASSWORD,NAME,EMAIL,ADDRESS,DEPARTMENTID,POSITION,CELLPHONE,PHONE,BIRTH,HIRED_DATE) values ('qwerty','1111','qwerty','null','null','R_DT','사원','null','null',0,to_date('17/09/27','RR/MM/DD'));
Insert into JYAR.EMPLOYEE (ID,PASSWORD,NAME,EMAIL,ADDRESS,DEPARTMENTID,POSITION,CELLPHONE,PHONE,BIRTH,HIRED_DATE) values ('test_01','1111','test','null','null','PDEPT','사원','null',null,0,to_date('17/09/20','RR/MM/DD'));
Insert into JYAR.EMPLOYEE (ID,PASSWORD,NAME,EMAIL,ADDRESS,DEPARTMENTID,POSITION,CELLPHONE,PHONE,BIRTH,HIRED_DATE) values ('testtttt','1111','test','null','null','R_DT','사원','null',null,0,to_date('17/09/20','RR/MM/DD'));
Insert into JYAR.EMPLOYEE (ID,PASSWORD,NAME,EMAIL,ADDRESS,DEPARTMENTID,POSITION,CELLPHONE,PHONE,BIRTH,HIRED_DATE) values ('DMKIM_0416','1111','김대명','dmk@naver.com','서울','PRMT','사원','010-6548-9651','4546',801105,to_date('17/09/21','RR/MM/DD'));
Insert into JYAR.EMPLOYEE (ID,PASSWORD,NAME,EMAIL,ADDRESS,DEPARTMENTID,POSITION,CELLPHONE,PHONE,BIRTH,HIRED_DATE) values ('JHLee_0519','1111','이제훈','jhlee@aj.net','서울시 마포구 백범로 23 구프라자 3층','PRMT','사원','010-1555-1221','111',850713,to_date('17/09/29','RR/MM/DD'));
REM INSERTING into JYAR.MESSAGE
SET DEFINE OFF;
REM INSERTING into JYAR.NOTICE
SET DEFINE OFF;
Insert into JYAR.NOTICE (NOTICE_NO,TITLE,WRITER,WRITEDATE,IMPORTANCELEVEL) values (1,'공지 test','JHLee_0519',to_date('17/09/22','RR/MM/DD'),0);
Insert into JYAR.NOTICE (NOTICE_NO,TITLE,WRITER,WRITEDATE,IMPORTANCELEVEL) values (21,'공지 test','JHLee_0519',to_date('17/09/25','RR/MM/DD'),0);
Insert into JYAR.NOTICE (NOTICE_NO,TITLE,WRITER,WRITEDATE,IMPORTANCELEVEL) values (22,'공지 test','JHLee_0519',to_date('17/09/25','RR/MM/DD'),0);
Insert into JYAR.NOTICE (NOTICE_NO,TITLE,WRITER,WRITEDATE,IMPORTANCELEVEL) values (23,'공지 test','JHLee_0519',to_date('17/09/25','RR/MM/DD'),0);
Insert into JYAR.NOTICE (NOTICE_NO,TITLE,WRITER,WRITEDATE,IMPORTANCELEVEL) values (24,'공지 test','JHLee_0519',to_date('17/09/25','RR/MM/DD'),0);
Insert into JYAR.NOTICE (NOTICE_NO,TITLE,WRITER,WRITEDATE,IMPORTANCELEVEL) values (25,'공지 test','JHLee_0519',to_date('17/09/25','RR/MM/DD'),0);
Insert into JYAR.NOTICE (NOTICE_NO,TITLE,WRITER,WRITEDATE,IMPORTANCELEVEL) values (26,'공지 test','JHLee_0519',to_date('17/09/25','RR/MM/DD'),0);
Insert into JYAR.NOTICE (NOTICE_NO,TITLE,WRITER,WRITEDATE,IMPORTANCELEVEL) values (27,'공지 test','JHLee_0519',to_date('17/09/25','RR/MM/DD'),0);
Insert into JYAR.NOTICE (NOTICE_NO,TITLE,WRITER,WRITEDATE,IMPORTANCELEVEL) values (28,'공지 test','JHLee_0519',to_date('17/09/25','RR/MM/DD'),0);
Insert into JYAR.NOTICE (NOTICE_NO,TITLE,WRITER,WRITEDATE,IMPORTANCELEVEL) values (29,'공지 test','JHLee_0519',to_date('17/09/25','RR/MM/DD'),0);
Insert into JYAR.NOTICE (NOTICE_NO,TITLE,WRITER,WRITEDATE,IMPORTANCELEVEL) values (30,'공지 test','JHLee_0519',to_date('17/09/25','RR/MM/DD'),0);
Insert into JYAR.NOTICE (NOTICE_NO,TITLE,WRITER,WRITEDATE,IMPORTANCELEVEL) values (31,'공지 test','JHLee_0519',to_date('17/09/25','RR/MM/DD'),0);
Insert into JYAR.NOTICE (NOTICE_NO,TITLE,WRITER,WRITEDATE,IMPORTANCELEVEL) values (32,'공지 test','JHLee_0519',to_date('17/09/25','RR/MM/DD'),0);
Insert into JYAR.NOTICE (NOTICE_NO,TITLE,WRITER,WRITEDATE,IMPORTANCELEVEL) values (33,'공지 test','JHLee_0519',to_date('17/09/25','RR/MM/DD'),0);
Insert into JYAR.NOTICE (NOTICE_NO,TITLE,WRITER,WRITEDATE,IMPORTANCELEVEL) values (34,'공지 test','JHLee_0519',to_date('17/09/25','RR/MM/DD'),0);
Insert into JYAR.NOTICE (NOTICE_NO,TITLE,WRITER,WRITEDATE,IMPORTANCELEVEL) values (35,'공지 test','JHLee_0519',to_date('17/09/25','RR/MM/DD'),0);
Insert into JYAR.NOTICE (NOTICE_NO,TITLE,WRITER,WRITEDATE,IMPORTANCELEVEL) values (36,'공지 test','JHLee_0519',to_date('17/09/25','RR/MM/DD'),0);
Insert into JYAR.NOTICE (NOTICE_NO,TITLE,WRITER,WRITEDATE,IMPORTANCELEVEL) values (41,'아주 엄청나지 않은 공지','JHLee_0519',to_date('17/09/28','RR/MM/DD'),0);
Insert into JYAR.NOTICE (NOTICE_NO,TITLE,WRITER,WRITEDATE,IMPORTANCELEVEL) values (42,'공지 test','JHLee_0519',to_date('17/09/27','RR/MM/DD'),0);
Insert into JYAR.NOTICE (NOTICE_NO,TITLE,WRITER,WRITEDATE,IMPORTANCELEVEL) values (43,'공지 test!!','JHLee_0519',to_date('17/09/28','RR/MM/DD'),1);
Insert into JYAR.NOTICE (NOTICE_NO,TITLE,WRITER,WRITEDATE,IMPORTANCELEVEL) values (44,'공지 test','JHLee_0519',to_date('17/09/27','RR/MM/DD'),0);
Insert into JYAR.NOTICE (NOTICE_NO,TITLE,WRITER,WRITEDATE,IMPORTANCELEVEL) values (45,'공지 test','JHLee_0519',to_date('17/09/27','RR/MM/DD'),0);
Insert into JYAR.NOTICE (NOTICE_NO,TITLE,WRITER,WRITEDATE,IMPORTANCELEVEL) values (46,'sfwfs','JHLee_0519',to_date('17/09/27','RR/MM/DD'),0);
Insert into JYAR.NOTICE (NOTICE_NO,TITLE,WRITER,WRITEDATE,IMPORTANCELEVEL) values (47,'공지 t?dfdf','JHLee_0519',to_date('17/09/28','RR/MM/DD'),1);
Insert into JYAR.NOTICE (NOTICE_NO,TITLE,WRITER,WRITEDATE,IMPORTANCELEVEL) values (48,'gdeg','JHLee_0519',to_date('17/10/10','RR/MM/DD'),0);
Insert into JYAR.NOTICE (NOTICE_NO,TITLE,WRITER,WRITEDATE,IMPORTANCELEVEL) values (49,'dvcvds','JHLee_0519',to_date('17/09/27','RR/MM/DD'),0);
Insert into JYAR.NOTICE (NOTICE_NO,TITLE,WRITER,WRITEDATE,IMPORTANCELEVEL) values (50,'tes','JHLee_0519',to_date('17/09/27','RR/MM/DD'),0);
Insert into JYAR.NOTICE (NOTICE_NO,TITLE,WRITER,WRITEDATE,IMPORTANCELEVEL) values (61,'엄청나고 엄청난 공지 test%%%%%','JHLee_0519',to_date('17/09/28','RR/MM/DD'),1);
Insert into JYAR.NOTICE (NOTICE_NO,TITLE,WRITER,WRITEDATE,IMPORTANCELEVEL) values (62,'왜 다른거는 안되지','JHLee_0519',to_date('17/10/10','RR/MM/DD'),1);
Insert into JYAR.NOTICE (NOTICE_NO,TITLE,WRITER,WRITEDATE,IMPORTANCELEVEL) values (81,'sssss','DMKIM_0416',to_date('17/10/10','RR/MM/DD'),0);
REM INSERTING into JYAR.POLL
SET DEFINE OFF;
REM INSERTING into JYAR.REPLY
SET DEFINE OFF;
--------------------------------------------------------
--  DDL for Index PK_CONTACTLIST
--------------------------------------------------------

  CREATE UNIQUE INDEX "JYAR"."PK_CONTACTLIST" ON "JYAR"."CONTACTLIST" ("CONTACTLIST_NO") 
  PCTFREE 10 INITRANS 2 MAXTRANS 255 COMPUTE STATISTICS 
  STORAGE(INITIAL 65536 NEXT 1048576 MINEXTENTS 1 MAXEXTENTS 2147483645
  PCTINCREASE 0 FREELISTS 1 FREELIST GROUPS 1 BUFFER_POOL DEFAULT FLASH_CACHE DEFAULT CELL_FLASH_CACHE DEFAULT)
  TABLESPACE "SYSTEM" ;
--------------------------------------------------------
--  DDL for Index PK_ATTENDANCERECORD
--------------------------------------------------------

  CREATE UNIQUE INDEX "JYAR"."PK_ATTENDANCERECORD" ON "JYAR"."ATTENDANCERECORD" ("AR_NO") 
  PCTFREE 10 INITRANS 2 MAXTRANS 255 COMPUTE STATISTICS 
  STORAGE(INITIAL 65536 NEXT 1048576 MINEXTENTS 1 MAXEXTENTS 2147483645
  PCTINCREASE 0 FREELISTS 1 FREELIST GROUPS 1 BUFFER_POOL DEFAULT FLASH_CACHE DEFAULT CELL_FLASH_CACHE DEFAULT)
  TABLESPACE "SYSTEM" ;
--------------------------------------------------------
--  DDL for Index PK_MESSAGE
--------------------------------------------------------

  CREATE UNIQUE INDEX "JYAR"."PK_MESSAGE" ON "JYAR"."MESSAGE" ("MESSAGE_NO") 
  PCTFREE 10 INITRANS 2 MAXTRANS 255 COMPUTE STATISTICS 
  STORAGE(INITIAL 65536 NEXT 1048576 MINEXTENTS 1 MAXEXTENTS 2147483645
  PCTINCREASE 0 FREELISTS 1 FREELIST GROUPS 1 BUFFER_POOL DEFAULT FLASH_CACHE DEFAULT CELL_FLASH_CACHE DEFAULT)
  TABLESPACE "SYSTEM" ;
--------------------------------------------------------
--  DDL for Index PK_CALENDAR
--------------------------------------------------------

  CREATE UNIQUE INDEX "JYAR"."PK_CALENDAR" ON "JYAR"."CALENDAR" ("CALENDAR_NO") 
  PCTFREE 10 INITRANS 2 MAXTRANS 255 COMPUTE STATISTICS 
  STORAGE(INITIAL 65536 NEXT 1048576 MINEXTENTS 1 MAXEXTENTS 2147483645
  PCTINCREASE 0 FREELISTS 1 FREELIST GROUPS 1 BUFFER_POOL DEFAULT FLASH_CACHE DEFAULT CELL_FLASH_CACHE DEFAULT)
  TABLESPACE "SYSTEM" ;
--------------------------------------------------------
--  DDL for Index PK_EMPLOYEE
--------------------------------------------------------

  CREATE UNIQUE INDEX "JYAR"."PK_EMPLOYEE" ON "JYAR"."EMPLOYEE" ("ID") 
  PCTFREE 10 INITRANS 2 MAXTRANS 255 COMPUTE STATISTICS 
  STORAGE(INITIAL 65536 NEXT 1048576 MINEXTENTS 1 MAXEXTENTS 2147483645
  PCTINCREASE 0 FREELISTS 1 FREELIST GROUPS 1 BUFFER_POOL DEFAULT FLASH_CACHE DEFAULT CELL_FLASH_CACHE DEFAULT)
  TABLESPACE "SYSTEM" ;
--------------------------------------------------------
--  DDL for Index PK_REPLY
--------------------------------------------------------

  CREATE UNIQUE INDEX "JYAR"."PK_REPLY" ON "JYAR"."REPLY" ("REPLY_NO") 
  PCTFREE 10 INITRANS 2 MAXTRANS 255 COMPUTE STATISTICS 
  STORAGE(INITIAL 65536 NEXT 1048576 MINEXTENTS 1 MAXEXTENTS 2147483645
  PCTINCREASE 0 FREELISTS 1 FREELIST GROUPS 1 BUFFER_POOL DEFAULT FLASH_CACHE DEFAULT CELL_FLASH_CACHE DEFAULT)
  TABLESPACE "SYSTEM" ;
--------------------------------------------------------
--  DDL for Index PK_DEPARTMENT
--------------------------------------------------------

  CREATE UNIQUE INDEX "JYAR"."PK_DEPARTMENT" ON "JYAR"."DEPARTMENT" ("DEPARTMENTID") 
  PCTFREE 10 INITRANS 2 MAXTRANS 255 COMPUTE STATISTICS 
  STORAGE(INITIAL 65536 NEXT 1048576 MINEXTENTS 1 MAXEXTENTS 2147483645
  PCTINCREASE 0 FREELISTS 1 FREELIST GROUPS 1 BUFFER_POOL DEFAULT FLASH_CACHE DEFAULT CELL_FLASH_CACHE DEFAULT)
  TABLESPACE "SYSTEM" ;
--------------------------------------------------------
--  DDL for Index PK_NOTICE
--------------------------------------------------------

  CREATE UNIQUE INDEX "JYAR"."PK_NOTICE" ON "JYAR"."NOTICE" ("NOTICE_NO") 
  PCTFREE 10 INITRANS 2 MAXTRANS 255 COMPUTE STATISTICS 
  STORAGE(INITIAL 65536 NEXT 1048576 MINEXTENTS 1 MAXEXTENTS 2147483645
  PCTINCREASE 0 FREELISTS 1 FREELIST GROUPS 1 BUFFER_POOL DEFAULT FLASH_CACHE DEFAULT CELL_FLASH_CACHE DEFAULT)
  TABLESPACE "SYSTEM" ;
--------------------------------------------------------
--  DDL for Index PK_POLL
--------------------------------------------------------

  CREATE UNIQUE INDEX "JYAR"."PK_POLL" ON "JYAR"."POLL" ("POLL_NO") 
  PCTFREE 10 INITRANS 2 MAXTRANS 255 COMPUTE STATISTICS 
  STORAGE(INITIAL 65536 NEXT 1048576 MINEXTENTS 1 MAXEXTENTS 2147483645
  PCTINCREASE 0 FREELISTS 1 FREELIST GROUPS 1 BUFFER_POOL DEFAULT FLASH_CACHE DEFAULT CELL_FLASH_CACHE DEFAULT)
  TABLESPACE "SYSTEM" ;
--------------------------------------------------------
--  DDL for Index PK_COMMUNITYGROUP
--------------------------------------------------------

  CREATE UNIQUE INDEX "JYAR"."PK_COMMUNITYGROUP" ON "JYAR"."COMMUNITYGROUP" ("GROUPID") 
  PCTFREE 10 INITRANS 2 MAXTRANS 255 COMPUTE STATISTICS 
  STORAGE(INITIAL 65536 NEXT 1048576 MINEXTENTS 1 MAXEXTENTS 2147483645
  PCTINCREASE 0 FREELISTS 1 FREELIST GROUPS 1 BUFFER_POOL DEFAULT FLASH_CACHE DEFAULT CELL_FLASH_CACHE DEFAULT)
  TABLESPACE "SYSTEM" ;
--------------------------------------------------------
--  DDL for Index PK_COMMUNITY
--------------------------------------------------------

  CREATE UNIQUE INDEX "JYAR"."PK_COMMUNITY" ON "JYAR"."COMMUNITY" ("COMMUNITY_NO") 
  PCTFREE 10 INITRANS 2 MAXTRANS 255 COMPUTE STATISTICS 
  STORAGE(INITIAL 65536 NEXT 1048576 MINEXTENTS 1 MAXEXTENTS 2147483645
  PCTINCREASE 0 FREELISTS 1 FREELIST GROUPS 1 BUFFER_POOL DEFAULT FLASH_CACHE DEFAULT CELL_FLASH_CACHE DEFAULT)
  TABLESPACE "SYSTEM" ;
--------------------------------------------------------
--  DDL for Function ALTERFORUSELIKE_FUC
--------------------------------------------------------

  CREATE OR REPLACE FUNCTION "JYAR"."ALTERFORUSELIKE_FUC" (v_str varchar2)
    return varchar2
is 
    v_result varchar2(100);
begin 
    v_result := '%'+v_str+'%';
return v_result;
END;

select ALTERFORUSELIKE_FUC('test') from dual;


select aa from dual;

/
--------------------------------------------------------
--  Constraints for Table NOTICE
--------------------------------------------------------

  ALTER TABLE "JYAR"."NOTICE" ADD CONSTRAINT "PK_NOTICE" PRIMARY KEY ("NOTICE_NO")
  USING INDEX PCTFREE 10 INITRANS 2 MAXTRANS 255 COMPUTE STATISTICS 
  STORAGE(INITIAL 65536 NEXT 1048576 MINEXTENTS 1 MAXEXTENTS 2147483645
  PCTINCREASE 0 FREELISTS 1 FREELIST GROUPS 1 BUFFER_POOL DEFAULT FLASH_CACHE DEFAULT CELL_FLASH_CACHE DEFAULT)
  TABLESPACE "SYSTEM"  ENABLE;
  ALTER TABLE "JYAR"."NOTICE" MODIFY ("IMPORTANCELEVEL" NOT NULL ENABLE);
  ALTER TABLE "JYAR"."NOTICE" MODIFY ("WRITEDATE" NOT NULL ENABLE);
  ALTER TABLE "JYAR"."NOTICE" MODIFY ("NOTICE_NO" NOT NULL ENABLE);
--------------------------------------------------------
--  Constraints for Table ATTENDANCERECORD
--------------------------------------------------------

  ALTER TABLE "JYAR"."ATTENDANCERECORD" ADD CONSTRAINT "PK_ATTENDANCERECORD" PRIMARY KEY ("AR_NO")
  USING INDEX PCTFREE 10 INITRANS 2 MAXTRANS 255 COMPUTE STATISTICS 
  STORAGE(INITIAL 65536 NEXT 1048576 MINEXTENTS 1 MAXEXTENTS 2147483645
  PCTINCREASE 0 FREELISTS 1 FREELIST GROUPS 1 BUFFER_POOL DEFAULT FLASH_CACHE DEFAULT CELL_FLASH_CACHE DEFAULT)
  TABLESPACE "SYSTEM"  ENABLE;
  ALTER TABLE "JYAR"."ATTENDANCERECORD" MODIFY ("STARTTIME" NOT NULL ENABLE);
  ALTER TABLE "JYAR"."ATTENDANCERECORD" MODIFY ("AR_DATE" NOT NULL ENABLE);
  ALTER TABLE "JYAR"."ATTENDANCERECORD" MODIFY ("ID" NOT NULL ENABLE);
  ALTER TABLE "JYAR"."ATTENDANCERECORD" MODIFY ("AR_NO" NOT NULL ENABLE);
--------------------------------------------------------
--  Constraints for Table DEPARTMENT
--------------------------------------------------------

  ALTER TABLE "JYAR"."DEPARTMENT" ADD CONSTRAINT "PK_DEPARTMENT" PRIMARY KEY ("DEPARTMENTID")
  USING INDEX PCTFREE 10 INITRANS 2 MAXTRANS 255 COMPUTE STATISTICS 
  STORAGE(INITIAL 65536 NEXT 1048576 MINEXTENTS 1 MAXEXTENTS 2147483645
  PCTINCREASE 0 FREELISTS 1 FREELIST GROUPS 1 BUFFER_POOL DEFAULT FLASH_CACHE DEFAULT CELL_FLASH_CACHE DEFAULT)
  TABLESPACE "SYSTEM"  ENABLE;
  ALTER TABLE "JYAR"."DEPARTMENT" MODIFY ("DEPARTMENTNAME" NOT NULL ENABLE);
  ALTER TABLE "JYAR"."DEPARTMENT" MODIFY ("DEPARTMENTID" NOT NULL ENABLE);
--------------------------------------------------------
--  Constraints for Table COMMUNITYGROUPMEMBER
--------------------------------------------------------

  ALTER TABLE "JYAR"."COMMUNITYGROUPMEMBER" MODIFY ("MEMBERID" NOT NULL ENABLE);
  ALTER TABLE "JYAR"."COMMUNITYGROUPMEMBER" MODIFY ("GROUPID" NOT NULL ENABLE);
--------------------------------------------------------
--  Constraints for Table COMMUNITY
--------------------------------------------------------

  ALTER TABLE "JYAR"."COMMUNITY" ADD CONSTRAINT "PK_COMMUNITY" PRIMARY KEY ("COMMUNITY_NO")
  USING INDEX PCTFREE 10 INITRANS 2 MAXTRANS 255 COMPUTE STATISTICS 
  STORAGE(INITIAL 65536 NEXT 1048576 MINEXTENTS 1 MAXEXTENTS 2147483645
  PCTINCREASE 0 FREELISTS 1 FREELIST GROUPS 1 BUFFER_POOL DEFAULT FLASH_CACHE DEFAULT CELL_FLASH_CACHE DEFAULT)
  TABLESPACE "SYSTEM"  ENABLE;
  ALTER TABLE "JYAR"."COMMUNITY" MODIFY ("GROUPID" NOT NULL ENABLE);
  ALTER TABLE "JYAR"."COMMUNITY" MODIFY ("TITLE" NOT NULL ENABLE);
  ALTER TABLE "JYAR"."COMMUNITY" MODIFY ("COMMUNITY_NO" NOT NULL ENABLE);
--------------------------------------------------------
--  Constraints for Table EMPLOYEE
--------------------------------------------------------

  ALTER TABLE "JYAR"."EMPLOYEE" ADD CONSTRAINT "PK_EMPLOYEE" PRIMARY KEY ("ID")
  USING INDEX PCTFREE 10 INITRANS 2 MAXTRANS 255 COMPUTE STATISTICS 
  STORAGE(INITIAL 65536 NEXT 1048576 MINEXTENTS 1 MAXEXTENTS 2147483645
  PCTINCREASE 0 FREELISTS 1 FREELIST GROUPS 1 BUFFER_POOL DEFAULT FLASH_CACHE DEFAULT CELL_FLASH_CACHE DEFAULT)
  TABLESPACE "SYSTEM"  ENABLE;
  ALTER TABLE "JYAR"."EMPLOYEE" MODIFY ("NAME" NOT NULL ENABLE);
  ALTER TABLE "JYAR"."EMPLOYEE" MODIFY ("PASSWORD" NOT NULL ENABLE);
  ALTER TABLE "JYAR"."EMPLOYEE" MODIFY ("ID" NOT NULL ENABLE);
--------------------------------------------------------
--  Constraints for Table POLL
--------------------------------------------------------

  ALTER TABLE "JYAR"."POLL" ADD CONSTRAINT "PK_POLL" PRIMARY KEY ("POLL_NO")
  USING INDEX PCTFREE 10 INITRANS 2 MAXTRANS 255 COMPUTE STATISTICS 
  STORAGE(INITIAL 65536 NEXT 1048576 MINEXTENTS 1 MAXEXTENTS 2147483645
  PCTINCREASE 0 FREELISTS 1 FREELIST GROUPS 1 BUFFER_POOL DEFAULT FLASH_CACHE DEFAULT CELL_FLASH_CACHE DEFAULT)
  TABLESPACE "SYSTEM"  ENABLE;
  ALTER TABLE "JYAR"."POLL" MODIFY ("ENDDATE" NOT NULL ENABLE);
  ALTER TABLE "JYAR"."POLL" MODIFY ("STARTDATE" NOT NULL ENABLE);
  ALTER TABLE "JYAR"."POLL" MODIFY ("ID" NOT NULL ENABLE);
  ALTER TABLE "JYAR"."POLL" MODIFY ("POLL_NO" NOT NULL ENABLE);
--------------------------------------------------------
--  Constraints for Table REPLY
--------------------------------------------------------

  ALTER TABLE "JYAR"."REPLY" ADD CONSTRAINT "PK_REPLY" PRIMARY KEY ("REPLY_NO")
  USING INDEX PCTFREE 10 INITRANS 2 MAXTRANS 255 COMPUTE STATISTICS 
  STORAGE(INITIAL 65536 NEXT 1048576 MINEXTENTS 1 MAXEXTENTS 2147483645
  PCTINCREASE 0 FREELISTS 1 FREELIST GROUPS 1 BUFFER_POOL DEFAULT FLASH_CACHE DEFAULT CELL_FLASH_CACHE DEFAULT)
  TABLESPACE "SYSTEM"  ENABLE;
  ALTER TABLE "JYAR"."REPLY" MODIFY ("BOARD_CATEGORY" NOT NULL ENABLE);
  ALTER TABLE "JYAR"."REPLY" MODIFY ("ID" NOT NULL ENABLE);
  ALTER TABLE "JYAR"."REPLY" MODIFY ("REPLY_NO" NOT NULL ENABLE);
--------------------------------------------------------
--  Constraints for Table DUPLICATIONCHECK
--------------------------------------------------------

  ALTER TABLE "JYAR"."DUPLICATIONCHECK" MODIFY ("POLL_CHECK" NOT NULL ENABLE);
  ALTER TABLE "JYAR"."DUPLICATIONCHECK" MODIFY ("EMPLOYEE_ID" NOT NULL ENABLE);
  ALTER TABLE "JYAR"."DUPLICATIONCHECK" MODIFY ("POLL_NO" NOT NULL ENABLE);
--------------------------------------------------------
--  Constraints for Table CONTACTLIST
--------------------------------------------------------

  ALTER TABLE "JYAR"."CONTACTLIST" ADD CONSTRAINT "PK_CONTACTLIST" PRIMARY KEY ("CONTACTLIST_NO")
  USING INDEX PCTFREE 10 INITRANS 2 MAXTRANS 255 COMPUTE STATISTICS 
  STORAGE(INITIAL 65536 NEXT 1048576 MINEXTENTS 1 MAXEXTENTS 2147483645
  PCTINCREASE 0 FREELISTS 1 FREELIST GROUPS 1 BUFFER_POOL DEFAULT FLASH_CACHE DEFAULT CELL_FLASH_CACHE DEFAULT)
  TABLESPACE "SYSTEM"  ENABLE;
  ALTER TABLE "JYAR"."CONTACTLIST" MODIFY ("ID" NOT NULL ENABLE);
  ALTER TABLE "JYAR"."CONTACTLIST" MODIFY ("CONTACTLIST_NO" NOT NULL ENABLE);
--------------------------------------------------------
--  Constraints for Table MESSAGE
--------------------------------------------------------

  ALTER TABLE "JYAR"."MESSAGE" ADD CONSTRAINT "PK_MESSAGE" PRIMARY KEY ("MESSAGE_NO")
  USING INDEX PCTFREE 10 INITRANS 2 MAXTRANS 255 COMPUTE STATISTICS 
  STORAGE(INITIAL 65536 NEXT 1048576 MINEXTENTS 1 MAXEXTENTS 2147483645
  PCTINCREASE 0 FREELISTS 1 FREELIST GROUPS 1 BUFFER_POOL DEFAULT FLASH_CACHE DEFAULT CELL_FLASH_CACHE DEFAULT)
  TABLESPACE "SYSTEM"  ENABLE;
  ALTER TABLE "JYAR"."MESSAGE" MODIFY ("MESSAGE_NO" NOT NULL ENABLE);
--------------------------------------------------------
--  Constraints for Table CALENDAR
--------------------------------------------------------

  ALTER TABLE "JYAR"."CALENDAR" ADD CONSTRAINT "PK_CALENDAR" PRIMARY KEY ("CALENDAR_NO")
  USING INDEX PCTFREE 10 INITRANS 2 MAXTRANS 255 COMPUTE STATISTICS 
  STORAGE(INITIAL 65536 NEXT 1048576 MINEXTENTS 1 MAXEXTENTS 2147483645
  PCTINCREASE 0 FREELISTS 1 FREELIST GROUPS 1 BUFFER_POOL DEFAULT FLASH_CACHE DEFAULT CELL_FLASH_CACHE DEFAULT)
  TABLESPACE "SYSTEM"  ENABLE;
  ALTER TABLE "JYAR"."CALENDAR" MODIFY ("ID" NOT NULL ENABLE);
  ALTER TABLE "JYAR"."CALENDAR" MODIFY ("CALENDAR_NO" NOT NULL ENABLE);
--------------------------------------------------------
--  Constraints for Table COMMUNITYGROUP
--------------------------------------------------------

  ALTER TABLE "JYAR"."COMMUNITYGROUP" ADD CONSTRAINT "PK_COMMUNITYGROUP" PRIMARY KEY ("GROUPID")
  USING INDEX PCTFREE 10 INITRANS 2 MAXTRANS 255 COMPUTE STATISTICS 
  STORAGE(INITIAL 65536 NEXT 1048576 MINEXTENTS 1 MAXEXTENTS 2147483645
  PCTINCREASE 0 FREELISTS 1 FREELIST GROUPS 1 BUFFER_POOL DEFAULT FLASH_CACHE DEFAULT CELL_FLASH_CACHE DEFAULT)
  TABLESPACE "SYSTEM"  ENABLE;
  ALTER TABLE "JYAR"."COMMUNITYGROUP" MODIFY ("STARTDATE" NOT NULL ENABLE);
  ALTER TABLE "JYAR"."COMMUNITYGROUP" MODIFY ("GROUPNAME" NOT NULL ENABLE);
  ALTER TABLE "JYAR"."COMMUNITYGROUP" MODIFY ("GROUPID" NOT NULL ENABLE);
